--
-- PostgreSQL database dump
--

-- Dumped from database version 11.7 (Ubuntu 11.7-0ubuntu0.19.10.1)
-- Dumped by pg_dump version 11.7 (Ubuntu 11.7-0ubuntu0.19.10.1)

SET statement_timeout = 0;
SET lock_timeout = 0;
SET idle_in_transaction_session_timeout = 0;
SET client_encoding = 'UTF8';
SET standard_conforming_strings = on;
SELECT pg_catalog.set_config('search_path', '', false);
SET check_function_bodies = false;
SET xmloption = content;
SET client_min_messages = warning;
SET row_security = off;

--
-- Name: hibernate_sequence; Type: SEQUENCE; Schema: public; Owner: postgres
--

CREATE SEQUENCE public.hibernate_sequence
    START WITH 1
    INCREMENT BY 1
    NO MINVALUE
    NO MAXVALUE
    CACHE 1;


ALTER TABLE public.hibernate_sequence OWNER TO postgres;

SET default_tablespace = '';

SET default_with_oids = false;

--
-- Name: project_members; Type: TABLE; Schema: public; Owner: postgres
--

CREATE TABLE public.project_members (
    project_id bigint NOT NULL,
    user_id bigint NOT NULL
);


ALTER TABLE public.project_members OWNER TO postgres;

--
-- Name: projects; Type: TABLE; Schema: public; Owner: postgres
--

CREATE TABLE public.projects (
    id bigint NOT NULL,
    description character varying(255),
    github_uri character varying(255),
    image_uri character varying(255),
    name character varying(255),
    owner_id bigint
);


ALTER TABLE public.projects OWNER TO postgres;

--
-- Name: projects_id_seq; Type: SEQUENCE; Schema: public; Owner: postgres
--

ALTER TABLE public.projects ALTER COLUMN id ADD GENERATED BY DEFAULT AS IDENTITY (
    SEQUENCE NAME public.projects_id_seq
    START WITH 1
    INCREMENT BY 1
    NO MINVALUE
    NO MAXVALUE
    CACHE 1
);


--
-- Name: test_cases; Type: TABLE; Schema: public; Owner: postgres
--

CREATE TABLE public.test_cases (
    id bigint NOT NULL,
    description character varying(255),
    title character varying(255),
    test_suite_id bigint NOT NULL,
    test_case_status integer
);


ALTER TABLE public.test_cases OWNER TO postgres;

--
-- Name: test_cases_id_seq; Type: SEQUENCE; Schema: public; Owner: postgres
--

ALTER TABLE public.test_cases ALTER COLUMN id ADD GENERATED BY DEFAULT AS IDENTITY (
    SEQUENCE NAME public.test_cases_id_seq
    START WITH 1
    INCREMENT BY 1
    NO MINVALUE
    NO MAXVALUE
    CACHE 1
);


--
-- Name: test_requests; Type: TABLE; Schema: public; Owner: postgres
--

CREATE TABLE public.test_requests (
    id bigint NOT NULL,
    released_timestamp bigint NOT NULL,
    status integer,
    version character varying(255),
    project_id bigint NOT NULL,
    requesting_user_id bigint,
    tester_user_id bigint
);


ALTER TABLE public.test_requests OWNER TO postgres;

--
-- Name: test_requests_id_seq; Type: SEQUENCE; Schema: public; Owner: postgres
--

ALTER TABLE public.test_requests ALTER COLUMN id ADD GENERATED BY DEFAULT AS IDENTITY (
    SEQUENCE NAME public.test_requests_id_seq
    START WITH 1
    INCREMENT BY 1
    NO MINVALUE
    NO MAXVALUE
    CACHE 1
);


--
-- Name: test_suites; Type: TABLE; Schema: public; Owner: postgres
--

CREATE TABLE public.test_suites (
    id bigint NOT NULL,
    description character varying(255),
    title character varying(255),
    test_request_id bigint NOT NULL
);


ALTER TABLE public.test_suites OWNER TO postgres;

--
-- Name: test_suites_id_seq; Type: SEQUENCE; Schema: public; Owner: postgres
--

ALTER TABLE public.test_suites ALTER COLUMN id ADD GENERATED BY DEFAULT AS IDENTITY (
    SEQUENCE NAME public.test_suites_id_seq
    START WITH 1
    INCREMENT BY 1
    NO MINVALUE
    NO MAXVALUE
    CACHE 1
);


--
-- Name: users; Type: TABLE; Schema: public; Owner: postgres
--

CREATE TABLE public.users (
    id bigint NOT NULL,
    avatar_uri character varying(255),
    description character varying(255),
    email character varying(255),
    name character varying(255),
    office character varying(255),
    password_hash character varying(255)
);


ALTER TABLE public.users OWNER TO postgres;

--
-- Data for Name: project_members; Type: TABLE DATA; Schema: public; Owner: postgres
--

COPY public.project_members (project_id, user_id) FROM stdin;
1	2
3	3
\.


--
-- Data for Name: projects; Type: TABLE DATA; Schema: public; Owner: postgres
--

COPY public.projects (id, description, github_uri, image_uri, name, owner_id) FROM stdin;
2	Uber app	https://github.com/luiz-classrooms/topicos-15-17-david32145	http://api.adorable.io/avatars/256/abott@adorable.png	Uber	1
1	Uber app2	https://github.com/luiz-classrooms/topicos-15-17-david32145	http://localhost:8080/api/images/12b54980-b47c-4b1f-a976-e2232e96470f-WhatsApp_Image_2020-10-30_at_16.18.21.jpeg	Nubank	1
3	Empresa de transporte de veículoes	https://github.com/uber/uber2	http://localhost:8080/api/images/c2badb19-f74f-4d83-9a24-9432a01ba486-Uber-Asset-Logo-34.jpg	Rafael veículos 2	2
\.


--
-- Data for Name: test_cases; Type: TABLE DATA; Schema: public; Owner: postgres
--

COPY public.test_cases (id, description, title, test_suite_id, test_case_status) FROM stdin;
1	Descrição do caso de teste	Novo caso de deste	1	\N
2	Descrição do caso de teste	Novo caso de deste	1	\N
3	Descrição do caso de teste	Novo caso de deste	1	\N
4	Descrição do caso de teste	Novo caso de deste	3	\N
8	Nova descrição agora vai 16:30	Caso de teste da suite 5	5	0
6	Descrição do caso de teste	Novo caso de deste	4	0
7	Descrição do caso de teste bachjbaschbshjbchjcbjahcbsjh	Novo caso de deste edbcejnscjnsaknscjnkjcsnsjknckjnas	4	0
5	Descrição do caso de teste	Novo caso de deste	4	0
9	vd	ddcdvf	4	0
10	svvsvsvs	scdcsdvs	4	0
11	jnkndjncdkncdkjncdjk	Para da errado	5	1
12	Novo	Novo	5	0
\.


--
-- Data for Name: test_requests; Type: TABLE DATA; Schema: public; Owner: postgres
--

COPY public.test_requests (id, released_timestamp, status, version, project_id, requesting_user_id, tester_user_id) FROM stdin;
1	0	\N	v1.1	2	1	2
3	0	2	v1.2	3	2	3
4	0	\N	v2.34	3	2	3
\.


--
-- Data for Name: test_suites; Type: TABLE DATA; Schema: public; Owner: postgres
--

COPY public.test_suites (id, description, title, test_request_id) FROM stdin;
1	Descrição da suite	Nova suite	1
2	Descrição da suite	Nova suite	1
3	Descrição da suite	Nova suite	1
4	Descrição da suite	Nova suite	3
5	Descrição da suite de teste	Nova suite 22	3
8	nknjknkjn	Minha suite	4
\.


--
-- Data for Name: users; Type: TABLE DATA; Schema: public; Owner: postgres
--

COPY public.users (id, avatar_uri, description, email, name, office, password_hash) FROM stdin;
1	https://upload.wikimedia.org/wikipedia/commons/7/7c/Profile_avatar_placeholder_large.png	Um programador	amanda@gmail.com	David Nascimento	development	1234567
2	https://upload.wikimedia.org/wikipedia/commons/7/7c/Profile_avatar_placeholder_large.png	Um programador	rafael@gmail.com	Rafael vieira barbosa	development	1234567
3	https://upload.wikimedia.org/wikipedia/commons/7/7c/Profile_avatar_placeholder_large.png	Um programador	david32145@gmail.com	David Nascimento	development	1234567
\.


--
-- Name: hibernate_sequence; Type: SEQUENCE SET; Schema: public; Owner: postgres
--

SELECT pg_catalog.setval('public.hibernate_sequence', 3, true);


--
-- Name: projects_id_seq; Type: SEQUENCE SET; Schema: public; Owner: postgres
--

SELECT pg_catalog.setval('public.projects_id_seq', 3, true);


--
-- Name: test_cases_id_seq; Type: SEQUENCE SET; Schema: public; Owner: postgres
--

SELECT pg_catalog.setval('public.test_cases_id_seq', 12, true);


--
-- Name: test_requests_id_seq; Type: SEQUENCE SET; Schema: public; Owner: postgres
--

SELECT pg_catalog.setval('public.test_requests_id_seq', 5, true);


--
-- Name: test_suites_id_seq; Type: SEQUENCE SET; Schema: public; Owner: postgres
--

SELECT pg_catalog.setval('public.test_suites_id_seq', 8, true);


--
-- Name: projects projects_pkey; Type: CONSTRAINT; Schema: public; Owner: postgres
--

ALTER TABLE ONLY public.projects
    ADD CONSTRAINT projects_pkey PRIMARY KEY (id);


--
-- Name: test_cases test_cases_pkey; Type: CONSTRAINT; Schema: public; Owner: postgres
--

ALTER TABLE ONLY public.test_cases
    ADD CONSTRAINT test_cases_pkey PRIMARY KEY (id);


--
-- Name: test_requests test_requests_pkey; Type: CONSTRAINT; Schema: public; Owner: postgres
--

ALTER TABLE ONLY public.test_requests
    ADD CONSTRAINT test_requests_pkey PRIMARY KEY (id);


--
-- Name: test_suites test_suites_pkey; Type: CONSTRAINT; Schema: public; Owner: postgres
--

ALTER TABLE ONLY public.test_suites
    ADD CONSTRAINT test_suites_pkey PRIMARY KEY (id);


--
-- Name: users users_pkey; Type: CONSTRAINT; Schema: public; Owner: postgres
--

ALTER TABLE ONLY public.users
    ADD CONSTRAINT users_pkey PRIMARY KEY (id);


--
-- Name: test_cases fkd7dq181egbh693wpw3cu8i02x; Type: FK CONSTRAINT; Schema: public; Owner: postgres
--

ALTER TABLE ONLY public.test_cases
    ADD CONSTRAINT fkd7dq181egbh693wpw3cu8i02x FOREIGN KEY (test_suite_id) REFERENCES public.test_suites(id);


--
-- Name: project_members fkdki1sp2homqsdcvqm9yrix31g; Type: FK CONSTRAINT; Schema: public; Owner: postgres
--

ALTER TABLE ONLY public.project_members
    ADD CONSTRAINT fkdki1sp2homqsdcvqm9yrix31g FOREIGN KEY (project_id) REFERENCES public.projects(id);


--
-- Name: project_members fkgul2el0qjk5lsvig3wgajwm77; Type: FK CONSTRAINT; Schema: public; Owner: postgres
--

ALTER TABLE ONLY public.project_members
    ADD CONSTRAINT fkgul2el0qjk5lsvig3wgajwm77 FOREIGN KEY (user_id) REFERENCES public.users(id);


--
-- Name: test_requests fkkxmylvre94l0ncio0wbh76115; Type: FK CONSTRAINT; Schema: public; Owner: postgres
--

ALTER TABLE ONLY public.test_requests
    ADD CONSTRAINT fkkxmylvre94l0ncio0wbh76115 FOREIGN KEY (requesting_user_id) REFERENCES public.users(id);


--
-- Name: test_requests fkm4sq0ofndoe7cvc6sa7cdr6y; Type: FK CONSTRAINT; Schema: public; Owner: postgres
--

ALTER TABLE ONLY public.test_requests
    ADD CONSTRAINT fkm4sq0ofndoe7cvc6sa7cdr6y FOREIGN KEY (project_id) REFERENCES public.projects(id);


--
-- Name: projects fkmueqy6cpcwpfl8gnnag4idjt9; Type: FK CONSTRAINT; Schema: public; Owner: postgres
--

ALTER TABLE ONLY public.projects
    ADD CONSTRAINT fkmueqy6cpcwpfl8gnnag4idjt9 FOREIGN KEY (owner_id) REFERENCES public.users(id);


--
-- Name: test_requests fknqjc4we34e4wifcywdldj6rd5; Type: FK CONSTRAINT; Schema: public; Owner: postgres
--

ALTER TABLE ONLY public.test_requests
    ADD CONSTRAINT fknqjc4we34e4wifcywdldj6rd5 FOREIGN KEY (tester_user_id) REFERENCES public.users(id);


--
-- Name: test_suites fks18k0tf2iy21vghjgkl9y52fm; Type: FK CONSTRAINT; Schema: public; Owner: postgres
--

ALTER TABLE ONLY public.test_suites
    ADD CONSTRAINT fks18k0tf2iy21vghjgkl9y52fm FOREIGN KEY (test_request_id) REFERENCES public.test_requests(id);


--
-- PostgreSQL database dump complete
--

